WKT,
"POLYGON ((139.540790545669 35.7797450710378,139.600504752684 35.7756458256734,139.599126732522 35.741352953488,139.552733387072 35.7424714324349,139.540790545669 35.7797450710378))"
