WKT,
"LINESTRING (139.548599326586 35.7376245768467,139.607394853493 35.7118940200852,139.657922259429 35.7230822398456)"
