WKT,id
"POINT (139.621002802592 35.7119406409266)","2"
"POINT (139.61732808216 35.7149243180487)","1"
